,title,views,age
0,"Марокко. Трущобы во дворцах, развод туристов и еда в Рамадан / Самый парадоксальный выпуск",822K views,10 days ago
1,Острый Китай. Правда о китайской глубинке. Горы Аватара и жгучая еда @staspognali,1.9M views,4 weeks ago
2,"Кaртели Мексики - вoйна за мигрaнтов, границу и трафик / Интервью с побывавшей в плeну (Часть 2)",1.4M views,1 month ago
3,Последний Свободный город Европы. Христиания - территория без власти / Дания @staspognali,979K views,1 month ago
4,"Китай - страна, опережающая будущее? Новая финансовая реальность и великий файрвол / Большой разбор",395K views,2 months ago
5,"Вкусная Япония. Фугу и другая еда, которую боятся есть даже японцы @staspognali",1.8M views,3 months ago
6,"Мексика - картели против людей, опасные дороги и интервью сикарио @staspognali",1.6M views,3 months ago
7,"Тайны Филиппин. Масоны у власти, элитные трущобы на кладбище и вся уличная еда @staspognali",1.4M views,4 months ago
8,"Другой Китай. В доме на колесах по китайской глубинке, три дня в Шаолине и трущобы старого Шанхая",3.8M views,5 months ago
9,Камбоджа - роллс-ройсы и люди по $1. Добрые гангстеры и алчные благотворители. Шокирующая Азия,2.5M views,6 months ago
10,"Как Китай уделал всех? Хайтек, миллионеры из трущоб, крутые электрокары и элитные подделки",4.5M views,7 months ago
11,Филиппины. Нелегальное оружие и жизнь в мусорных трущобах Манилы / Девственная природа острова Себу,2.1M views,7 months ago
12,"Япония, о которой не говорят. Города-призраки, трущобы Токио, буракумины и судьба Нагасаки",2.5M views,8 months ago
13,"Малайзия – страна скинхедов, подделок, супер-высоток и самого вонючего фрукта",1.2M views,9 months ago
14,"Загадочная Япония. Негласные правила, затворничество, жизнь без секса, вера в нечисть/Большой разбор",557K views,9 months ago
15,Индия - самая опасная и вкусная уличная еда в мире @staspognali,2.9M views,10 months ago
16,"Япония - аниме, культ школьниц, развод туристов, старческие гетто и радиация Фукусимы @staspognali",4.4M views,10 months ago
17,Легендарная уличная еда Сингапура! Самая дешевая еда в городе миллионеров @staspognali,1.6M views,1 year ago
18,Япония / Якудза - правда и мифы / Как ЦРУ изменил политику страны навсегда / @staspognali,6.1M views,1 year ago
19,Самая дорогая и самая дешевая уличная еда Бангкока @staspognali,2.4M views,1 year ago
20,Мумбаи - по следам Шантарам / Самый контрастный город Индии @staspognali,3.3M views,1 year ago
21,Южная Корея - хайтек и коррупция 22 века / Как я устроился нелегалом @staspognali,5.6M views,1 year ago
22,Вкусное Бали или как я съел летучую мышь @staspognali,1.3M views,1 year ago
23,"Индия - изнанка жизни, грабежи, трущобы и самые добрые люди на свете / Документальный фильм",6.2M views,1 year ago
24,"Другой Сингапур - китайская мафия, контрабанда и злачные районы самой дорогой страны мира",4.8M views,1 year ago
25,"Таиланд - страна улыбок, киллеров и пиратов. Что вам никогда не рассказывали о стране бокса и секса?",4.1M views,1 year ago
26,Вьетнам - вся уличная еда. Вы бы решились такое съесть? / Документальный фильм / @staspognali,2.2M views,1 year ago
27,Реальная жизнь на Бали. О чем умалчивают блогеры. Секреты райского острова / Документальный фильм,1.8M views,1 year ago
28,Вся уличная еда Узбекистана! Ультимативный фуд-тур @staspognali,2.9M views,1 year ago
29,"Вьетнам - ограбление туристов, гангстеры и злачные кварталы Сайгона / Документальный фильм",1.3M views,1 year ago
30,"Узбекистан - цыгане, воровство невест, бриллианты бухарских евреев / Документальный фильм",2.6M views,1 year ago
31,"Куба: знойные кубинки, магия вуду и как разводят туристов на деньги. Другая жизнь Острова Свободы",1.2M views,1 year ago
32,"Боливия - кока, рынок черепов и индейская магия / Путешествие в страну ведьм",710K views,2 years ago
33,"Камчатка - жизнь и смерть на вулкане, фрирайд и сказочное раздолбайство / Большое путешествие",1.4M views,2 years ago
34,Куба. Черный рынок и подпольная жизнь Острова свободы / Самые дорогие тачки в самой бедной стране,5.1M views,2 years ago
35,"Глазго / Самый опасный город Европы / Реальные ""Острые козырьки"" / Религиозные войны в 21 веке",1.6M views,2 years ago
36,"Банды Нью-Йорка. Самые опасные кварталы, гетто и подпольные казино / Погнали",3.5M views,2 years ago
37,Венесуэла. Роскошь и дно самой опасной страны мира. Каракас - Район Петаре | Погнали,3.4M views,2 years ago
38,Самые опасные золотодобывающие шахты. Черные старатели и заброшенные шахты Забайкалья,1.8M views,2 years ago
39,"Судан. Самая противоречивая страна Африки. Нелегальное золото, военно-морская база, древние пирамиды",1.7M views,2 years ago
